[
    {
        "question_id": 1,
        "answer_vote": 0,
        "answred": 1,
        "book_name": "Civics",
        "chapter_id": "6",
        "chapter_name": "Constitution Of India",
        "class": 7,
        "images": "NULL",
        "question": "who is PM of india",
        "subject": "Social Scie",
        "question_user_id": "BqxkXuhs7Ob9vBYvSPbdhkW0e4n1",
        "created_date": "7/3/2022, 12:00:00 am",
        "down_vote": 0,
        "modified_date": "NULL",
        "up_vote": -2,
        "board": "CBSE",
        "question_user_name": "rahul"
    },
    {
        "question_id": 2,
        "answer_vote": 0,
        "answred": 1,
        "book_name": "Civics",
        "chapter_id": "6",
        "chapter_name": "Constitution Of India",
        "class": 7,
        "images": "NULL",
        "question": "What is the capital of india",
        "subject": "Social Scie",
        "question_user_id": "BqxkXuhs7Ob9vBYvSPbdhkW0e4n1",
        "created_date": "8/3/2022, 12:00:00 am",
        "down_vote": 0,
        "modified_date": "NULL",
        "up_vote": 0,
        "board": "CBSE",
        "question_user_name": "rahul"
    },
    {
        "question_id": 3,
        "answer_vote": 0,
        "answred": 0,
        "book_name": "Civics",
        "chapter_id": "6",
        "chapter_name": "Constitution Of India",
        "class": 7,
        "images": "NULL",
        "question": "What is the capital of india",
        "subject": "Social Scie",
        "question_user_id": "BqxkXuhs7Ob9vBYvSPbdhkW0e4n1",
        "created_date": "8/3/2022, 12:00:00 am",
        "down_vote": 0,
        "modified_date": "NULL",
        "up_vote": 0,
        "board": "CBSE",
        "question_user_name": "rahul"
    },
    {
        "question_id": 4,
        "answer_vote": 0,
        "answred": 0,
        "book_name": "Civics",
        "chapter_id": "6",
        "chapter_name": "Constitution Of India",
        "class": 7,
        "images": "NULL",
        "question": "What is the capital of india",
        "subject": "Social Scie",
        "question_user_id": "BqxkXuhs7Ob9vBYvSPbdhkW0e4n1",
        "created_date": "8/3/2022, 12:00:00 am",
        "down_vote": 0,
        "modified_date": "NULL",
        "up_vote": 0,
        "board": "CBSE",
        "question_user_name": "rahul"
    },
    {
        "question_id": 5,
        "answer_vote": 0,
        "answred": 0,
        "book_name": "Civics",
        "chapter_id": "6",
        "chapter_name": "Constitution Of India",
        "class": 7,
        "images": "NULL",
        "question": "What is the capital of india",
        "subject": "Social Scie",
        "question_user_id": "BqxkXuhs7Ob9vBYvSPbdhkW0e4n1",
        "created_date": "8/3/2022, 12:00:00 am",
        "down_vote": 0,
        "modified_date": "NULL",
        "up_vote": 0,
        "board": "CBSE",
        "question_user_name": "rahul"
    }
]